day, pop_ID, n_hosp
1,1,0
1,2,0
1,3,0
1,4,0
1,5,0
1,6,0
1,7,0
1,8,0
1,9,0
1,10,0
1,11,0
1,12,0
1,13,0
1,14,0
1,15,0
1,16,0
1,17,0
1,18,0
2,1,0
2,2,0
2,3,0
2,4,0
2,5,0
2,6,0
2,7,0
2,8,0
2,9,0
2,10,0
2,11,0
2,12,0
2,13,0
2,14,0
2,15,0
2,16,0
2,17,0
2,18,0
3,1,0
3,2,0
3,3,0
3,4,0
3,5,0
3,6,0
3,7,0
3,8,0
3,9,0
3,10,0
3,11,0
3,12,0
3,13,0
3,14,0
3,15,0
3,16,0
3,17,0
3,18,0
4,1,0
4,2,0
4,3,0
4,4,0
4,5,0
4,6,0
4,7,0
4,8,0
4,9,0
4,10,0
4,11,0
4,12,0
4,13,0
4,14,0
4,15,0
4,16,0
4,17,0
4,18,0
5,1,0
5,2,0
5,3,0
5,4,0
5,5,0
5,6,0
5,7,0
5,8,0
5,9,0
5,10,0
5,11,0
5,12,0
5,13,0
5,14,0
5,15,0
5,16,0
5,17,0
5,18,0
6,1,0
6,2,0
6,3,0
6,4,0
6,5,0
6,6,0
6,7,0
6,8,0
6,9,0
6,10,0
6,11,0
6,12,0
6,13,0
6,14,0
6,15,0
6,16,0
6,17,0
6,18,0
7,1,0
7,2,0
7,3,0
7,4,0
7,5,0
7,6,0
7,7,0
7,8,0
7,9,0
7,10,0
7,11,0
7,12,0
7,13,0
7,14,0
7,15,0
7,16,0
7,17,0
7,18,0
8,1,0
8,2,0
8,3,0
8,4,0
8,5,0
8,6,0
8,7,0
8,8,0
8,9,0
8,10,0
8,11,0
8,12,0
8,13,0
8,14,0
8,15,0
8,16,0
8,17,0
8,18,0
9,1,1
9,2,0
9,3,0
9,4,0
9,5,0
9,6,0
9,7,0
9,8,0
9,9,0
9,10,0
9,11,0
9,12,0
9,13,0
9,14,0
9,15,0
9,16,0
9,17,0
9,18,0
10,1,0
10,2,0
10,3,0
10,4,0
10,5,0
10,6,0
10,7,0
10,8,0
10,9,0
10,10,0
10,11,0
10,12,0
10,13,0
10,14,0
10,15,0
10,16,0
10,17,0
10,18,0
11,1,0
11,2,0
11,3,0
11,4,0
11,5,0
11,6,0
11,7,0
11,8,0
11,9,0
11,10,0
11,11,0
11,12,0
11,13,0
11,14,0
11,15,0
11,16,0
11,17,0
11,18,0
12,1,0
12,2,0
12,3,0
12,4,0
12,5,0
12,6,0
12,7,0
12,8,0
12,9,0
12,10,0
12,11,0
12,12,0
12,13,0
12,14,0
12,15,0
12,16,0
12,17,0
12,18,0
13,1,2
13,2,0
13,3,0
13,4,0
13,5,0
13,6,0
13,7,0
13,8,0
13,9,0
13,10,0
13,11,0
13,12,0
13,13,0
13,14,0
13,15,0
13,16,0
13,17,0
13,18,0
14,1,1
14,2,0
14,3,0
14,4,0
14,5,0
14,6,0
14,7,0
14,8,0
14,9,0
14,10,0
14,11,0
14,12,0
14,13,0
14,14,0
14,15,0
14,16,0
14,17,0
14,18,0
15,1,0
15,2,0
15,3,0
15,4,0
15,5,0
15,6,0
15,7,0
15,8,0
15,9,0
15,10,0
15,11,0
15,12,0
15,13,0
15,14,0
15,15,0
15,16,0
15,17,0
15,18,0
16,1,1
16,2,0
16,3,0
16,4,0
16,5,0
16,6,0
16,7,0
16,8,0
16,9,0
16,10,0
16,11,0
16,12,0
16,13,0
16,14,0
16,15,0
16,16,0
16,17,0
16,18,0
17,1,4
17,2,0
17,3,0
17,4,0
17,5,0
17,6,0
17,7,0
17,8,0
17,9,0
17,10,0
17,11,0
17,12,0
17,13,0
17,14,0
17,15,0
17,16,0
17,17,0
17,18,0
18,1,1
18,2,0
18,3,0
18,4,0
18,5,0
18,6,0
18,7,0
18,8,0
18,9,0
18,10,0
18,11,0
18,12,0
18,13,0
18,14,0
18,15,0
18,16,0
18,17,0
18,18,0
19,1,3
19,2,0
19,3,0
19,4,0
19,5,0
19,6,0
19,7,0
19,8,0
19,9,0
19,10,0
19,11,0
19,12,0
19,13,0
19,14,0
19,15,0
19,16,0
19,17,0
19,18,0
20,1,2
20,2,0
20,3,0
20,4,0
20,5,0
20,6,0
20,7,0
20,8,0
20,9,0
20,10,0
20,11,0
20,12,0
20,13,0
20,14,0
20,15,0
20,16,0
20,17,0
20,18,0
21,1,1
21,2,0
21,3,0
21,4,0
21,5,0
21,6,0
21,7,0
21,8,0
21,9,0
21,10,0
21,11,0
21,12,0
21,13,0
21,14,0
21,15,0
21,16,0
21,17,0
21,18,0
22,1,2
22,2,0
22,3,0
22,4,0
22,5,0
22,6,0
22,7,0
22,8,0
22,9,0
22,10,0
22,11,0
22,12,0
22,13,0
22,14,0
22,15,0
22,16,0
22,17,0
22,18,0
23,1,6
23,2,0
23,3,0
23,4,0
23,5,0
23,6,0
23,7,0
23,8,0
23,9,0
23,10,0
23,11,0
23,12,0
23,13,0
23,14,0
23,15,0
23,16,0
23,17,0
23,18,0
24,1,1
24,2,0
24,3,0
24,4,0
24,5,0
24,6,0
24,7,0
24,8,0
24,9,0
24,10,0
24,11,0
24,12,0
24,13,0
24,14,0
24,15,0
24,16,0
24,17,0
24,18,0
25,1,3
25,2,0
25,3,0
25,4,0
25,5,0
25,6,0
25,7,0
25,8,0
25,9,0
25,10,0
25,11,0
25,12,0
25,13,0
25,14,0
25,15,0
25,16,0
25,17,0
25,18,0
26,1,7
26,2,0
26,3,0
26,4,0
26,5,0
26,6,0
26,7,0
26,8,0
26,9,0
26,10,0
26,11,0
26,12,0
26,13,0
26,14,0
26,15,0
26,16,0
26,17,0
26,18,0
27,1,2
27,2,0
27,3,0
27,4,0
27,5,0
27,6,0
27,7,0
27,8,0
27,9,0
27,10,0
27,11,0
27,12,0
27,13,0
27,14,0
27,15,0
27,16,0
27,17,0
27,18,0
28,1,3
28,2,0
28,3,0
28,4,0
28,5,0
28,6,0
28,7,0
28,8,0
28,9,0
28,10,0
28,11,0
28,12,0
28,13,0
28,14,0
28,15,0
28,16,0
28,17,0
28,18,0
29,1,4
29,2,0
29,3,0
29,4,0
29,5,0
29,6,0
29,7,0
29,8,0
29,9,0
29,10,0
29,11,0
29,12,0
29,13,0
29,14,0
29,15,0
29,16,0
29,17,0
29,18,0
30,1,4
30,2,0
30,3,0
30,4,0
30,5,0
30,6,0
30,7,0
30,8,0
30,9,0
30,10,0
30,11,0
30,12,0
30,13,0
30,14,0
30,15,0
30,16,0
30,17,0
30,18,0
31,1,6
31,2,0
31,3,0
31,4,0
31,5,0
31,6,0
31,7,0
31,8,0
31,9,0
31,10,0
31,11,0
31,12,0
31,13,0
31,14,0
31,15,0
31,16,0
31,17,0
31,18,0
32,1,4
32,2,0
32,3,0
32,4,0
32,5,0
32,6,0
32,7,0
32,8,0
32,9,0
32,10,0
32,11,0
32,12,0
32,13,0
32,14,0
32,15,0
32,16,0
32,17,0
32,18,0
33,1,8
33,2,0
33,3,0
33,4,0
33,5,0
33,6,0
33,7,0
33,8,0
33,9,0
33,10,0
33,11,0
33,12,0
33,13,0
33,14,0
33,15,0
33,16,0
33,17,0
33,18,0
34,1,14
34,2,0
34,3,0
34,4,0
34,5,0
34,6,0
34,7,0
34,8,0
34,9,0
34,10,0
34,11,0
34,12,0
34,13,0
34,14,0
34,15,0
34,16,0
34,17,0
34,18,0
35,1,9
35,2,0
35,3,0
35,4,0
35,5,0
35,6,0
35,7,0
35,8,0
35,9,0
35,10,0
35,11,0
35,12,0
35,13,0
35,14,0
35,15,0
35,16,0
35,17,0
35,18,0
36,1,10
36,2,0
36,3,0
36,4,0
36,5,0
36,6,0
36,7,0
36,8,0
36,9,0
36,10,0
36,11,0
36,12,0
36,13,0
36,14,0
36,15,0
36,16,0
36,17,0
36,18,0
37,1,11
37,2,0
37,3,0
37,4,0
37,5,0
37,6,0
37,7,0
37,8,0
37,9,0
37,10,0
37,11,0
37,12,0
37,13,0
37,14,0
37,15,0
37,16,0
37,17,0
37,18,0
38,1,12
38,2,0
38,3,0
38,4,0
38,5,0
38,6,0
38,7,0
38,8,0
38,9,0
38,10,0
38,11,0
38,12,0
38,13,0
38,14,0
38,15,0
38,16,0
38,17,0
38,18,0
39,1,11
39,2,0
39,3,0
39,4,0
39,5,0
39,6,0
39,7,0
39,8,0
39,9,0
39,10,0
39,11,0
39,12,0
39,13,0
39,14,0
39,15,0
39,16,0
39,17,0
39,18,0
40,1,10
40,2,0
40,3,0
40,4,0
40,5,0
40,6,0
40,7,0
40,8,0
40,9,0
40,10,0
40,11,0
40,12,0
40,13,0
40,14,0
40,15,0
40,16,0
40,17,0
40,18,0
41,1,13
41,2,0
41,3,0
41,4,0
41,5,0
41,6,0
41,7,0
41,8,0
41,9,0
41,10,0
41,11,0
41,12,0
41,13,0
41,14,0
41,15,0
41,16,0
41,17,0
41,18,0
42,1,13
42,2,0
42,3,0
42,4,0
42,5,0
42,6,0
42,7,0
42,8,0
42,9,0
42,10,0
42,11,0
42,12,0
42,13,0
42,14,0
42,15,0
42,16,0
42,17,0
42,18,0
43,1,16
43,2,0
43,3,0
43,4,0
43,5,0
43,6,0
43,7,0
43,8,0
43,9,0
43,10,0
43,11,0
43,12,0
43,13,0
43,14,0
43,15,0
43,16,0
43,17,0
43,18,0
44,1,13
44,2,0
44,3,0
44,4,0
44,5,0
44,6,0
44,7,0
44,8,0
44,9,0
44,10,0
44,11,0
44,12,0
44,13,0
44,14,0
44,15,0
44,16,0
44,17,0
44,18,0
45,1,19
45,2,0
45,3,0
45,4,0
45,5,0
45,6,0
45,7,0
45,8,0
45,9,0
45,10,0
45,11,0
45,12,0
45,13,0
45,14,0
45,15,0
45,16,0
45,17,0
45,18,0
46,1,20
46,2,0
46,3,0
46,4,0
46,5,0
46,6,0
46,7,0
46,8,0
46,9,0
46,10,0
46,11,0
46,12,0
46,13,0
46,14,0
46,15,0
46,16,0
46,17,0
46,18,0
47,1,14
47,2,0
47,3,0
47,4,0
47,5,0
47,6,0
47,7,0
47,8,0
47,9,0
47,10,0
47,11,0
47,12,0
47,13,0
47,14,0
47,15,0
47,16,0
47,17,0
47,18,0
48,1,14
48,2,0
48,3,0
48,4,0
48,5,0
48,6,0
48,7,0
48,8,0
48,9,0
48,10,0
48,11,0
48,12,0
48,13,0
48,14,0
48,15,0
48,16,0
48,17,0
48,18,0
49,1,13
49,2,0
49,3,0
49,4,0
49,5,0
49,6,0
49,7,0
49,8,0
49,9,0
49,10,0
49,11,0
49,12,0
49,13,0
49,14,0
49,15,0
49,16,0
49,17,0
49,18,0
50,1,15
50,2,0
50,3,0
50,4,0
50,5,0
50,6,0
50,7,0
50,8,0
50,9,0
50,10,0
50,11,0
50,12,0
50,13,0
50,14,0
50,15,0
50,16,0
50,17,0
50,18,0
51,1,24
51,2,0
51,3,0
51,4,0
51,5,0
51,6,0
51,7,0
51,8,0
51,9,0
51,10,0
51,11,0
51,12,0
51,13,0
51,14,0
51,15,0
51,16,0
51,17,0
51,18,0
52,1,17
52,2,0
52,3,0
52,4,0
52,5,0
52,6,0
52,7,0
52,8,0
52,9,0
52,10,0
52,11,0
52,12,0
52,13,0
52,14,0
52,15,0
52,16,0
52,17,0
52,18,0
53,1,10
53,2,0
53,3,0
53,4,0
53,5,0
53,6,0
53,7,0
53,8,0
53,9,0
53,10,0
53,11,0
53,12,0
53,13,0
53,14,0
53,15,0
53,16,0
53,17,0
53,18,0
54,1,14
54,2,0
54,3,0
54,4,0
54,5,0
54,6,0
54,7,0
54,8,0
54,9,0
54,10,0
54,11,0
54,12,0
54,13,0
54,14,0
54,15,0
54,16,0
54,17,0
54,18,0
55,1,11
55,2,0
55,3,0
55,4,0
55,5,0
55,6,0
55,7,0
55,8,0
55,9,0
55,10,0
55,11,0
55,12,0
55,13,0
55,14,0
55,15,0
55,16,0
55,17,0
55,18,0
56,1,18
56,2,0
56,3,0
56,4,0
56,5,0
56,6,0
56,7,0
56,8,0
56,9,0
56,10,0
56,11,0
56,12,0
56,13,0
56,14,0
56,15,0
56,16,0
56,17,0
56,18,0
57,1,19
57,2,0
57,3,0
57,4,0
57,5,0
57,6,0
57,7,0
57,8,0
57,9,0
57,10,0
57,11,0
57,12,0
57,13,0
57,14,0
57,15,0
57,16,0
57,17,0
57,18,0
58,1,21
58,2,0
58,3,0
58,4,0
58,5,0
58,6,0
58,7,0
58,8,0
58,9,0
58,10,0
58,11,0
58,12,0
58,13,0
58,14,0
58,15,0
58,16,0
58,17,0
58,18,0
59,1,17
59,2,0
59,3,0
59,4,0
59,5,0
59,6,0
59,7,0
59,8,0
59,9,0
59,10,0
59,11,0
59,12,0
59,13,0
59,14,0
59,15,0
59,16,0
59,17,0
59,18,0
60,1,8
60,2,0
60,3,0
60,4,0
60,5,0
60,6,0
60,7,0
60,8,0
60,9,0
60,10,0
60,11,0
60,12,0
60,13,0
60,14,0
60,15,0
60,16,0
60,17,0
60,18,0
61,1,14
61,2,0
61,3,0
61,4,0
61,5,0
61,6,0
61,7,0
61,8,0
61,9,0
61,10,0
61,11,0
61,12,0
61,13,0
61,14,0
61,15,0
61,16,0
61,17,0
61,18,0
62,1,19
62,2,0
62,3,0
62,4,0
62,5,0
62,6,0
62,7,0
62,8,0
62,9,0
62,10,0
62,11,0
62,12,0
62,13,0
62,14,0
62,15,0
62,16,0
62,17,0
62,18,0
63,1,13
63,2,0
63,3,0
63,4,0
63,5,0
63,6,0
63,7,0
63,8,0
63,9,0
63,10,0
63,11,0
63,12,0
63,13,0
63,14,0
63,15,0
63,16,0
63,17,0
63,18,0
64,1,22
64,2,0
64,3,0
64,4,0
64,5,0
64,6,0
64,7,0
64,8,0
64,9,0
64,10,0
64,11,0
64,12,0
64,13,0
64,14,0
64,15,0
64,16,0
64,17,0
64,18,0
65,1,11
65,2,0
65,3,0
65,4,0
65,5,0
65,6,0
65,7,0
65,8,0
65,9,0
65,10,0
65,11,0
65,12,0
65,13,0
65,14,0
65,15,0
65,16,0
65,17,0
65,18,0
66,1,13
66,2,0
66,3,0
66,4,0
66,5,0
66,6,0
66,7,0
66,8,0
66,9,0
66,10,0
66,11,0
66,12,0
66,13,0
66,14,0
66,15,0
66,16,0
66,17,0
66,18,0
67,1,16
67,2,0
67,3,0
67,4,0
67,5,0
67,6,0
67,7,0
67,8,0
67,9,0
67,10,0
67,11,0
67,12,0
67,13,0
67,14,0
67,15,0
67,16,0
67,17,0
67,18,0
68,1,9
68,2,0
68,3,0
68,4,0
68,5,0
68,6,0
68,7,0
68,8,0
68,9,0
68,10,0
68,11,0
68,12,0
68,13,0
68,14,0
68,15,0
68,16,0
68,17,0
68,18,0
69,1,16
69,2,0
69,3,0
69,4,0
69,5,0
69,6,0
69,7,0
69,8,0
69,9,0
69,10,0
69,11,0
69,12,0
69,13,0
69,14,0
69,15,0
69,16,0
69,17,0
69,18,0
70,1,18
70,2,0
70,3,0
70,4,0
70,5,0
70,6,0
70,7,0
70,8,0
70,9,0
70,10,0
70,11,0
70,12,0
70,13,0
70,14,0
70,15,0
70,16,0
70,17,0
70,18,0
71,1,18
71,2,0
71,3,0
71,4,0
71,5,0
71,6,0
71,7,0
71,8,0
71,9,0
71,10,0
71,11,0
71,12,0
71,13,0
71,14,0
71,15,0
71,16,0
71,17,0
71,18,0
72,1,20
72,2,0
72,3,0
72,4,0
72,5,0
72,6,0
72,7,0
72,8,0
72,9,0
72,10,0
72,11,0
72,12,0
72,13,0
72,14,0
72,15,0
72,16,0
72,17,0
72,18,0
73,1,6
73,2,0
73,3,0
73,4,0
73,5,0
73,6,0
73,7,0
73,8,0
73,9,0
73,10,0
73,11,0
73,12,0
73,13,0
73,14,0
73,15,0
73,16,0
73,17,0
73,18,0
74,1,15
74,2,0
74,3,0
74,4,0
74,5,0
74,6,0
74,7,0
74,8,0
74,9,0
74,10,0
74,11,0
74,12,0
74,13,1
74,14,0
74,15,0
74,16,0
74,17,0
74,18,0
75,1,20
75,2,0
75,3,0
75,4,0
75,5,0
75,6,0
75,7,0
75,8,0
75,9,0
75,10,0
75,11,0
75,12,0
75,13,0
75,14,0
75,15,0
75,16,0
75,17,0
75,18,0
76,1,17
76,2,0
76,3,0
76,4,0
76,5,0
76,6,0
76,7,0
76,8,0
76,9,0
76,10,0
76,11,0
76,12,0
76,13,0
76,14,0
76,15,0
76,16,0
76,17,0
76,18,0
77,1,11
77,2,0
77,3,0
77,4,0
77,5,0
77,6,0
77,7,0
77,8,0
77,9,0
77,10,0
77,11,0
77,12,0
77,13,0
77,14,0
77,15,0
77,16,0
77,17,0
77,18,0
78,1,20
78,2,0
78,3,0
78,4,0
78,5,0
78,6,0
78,7,0
78,8,0
78,9,0
78,10,0
78,11,0
78,12,0
78,13,0
78,14,0
78,15,0
78,16,0
78,17,0
78,18,0
79,1,19
79,2,0
79,3,0
79,4,0
79,5,0
79,6,0
79,7,0
79,8,0
79,9,0
79,10,0
79,11,0
79,12,0
79,13,0
79,14,0
79,15,0
79,16,0
79,17,0
79,18,0
80,1,15
80,2,0
80,3,0
80,4,0
80,5,0
80,6,0
80,7,0
80,8,0
80,9,0
80,10,0
80,11,0
80,12,0
80,13,0
80,14,0
80,15,0
80,16,0
80,17,0
80,18,0
81,1,25
81,2,0
81,3,0
81,4,0
81,5,0
81,6,0
81,7,0
81,8,0
81,9,0
81,10,0
81,11,0
81,12,0
81,13,0
81,14,0
81,15,0
81,16,0
81,17,0
81,18,0
82,1,20
82,2,0
82,3,0
82,4,0
82,5,0
82,6,0
82,7,0
82,8,0
82,9,0
82,10,0
82,11,0
82,12,0
82,13,0
82,14,0
82,15,0
82,16,0
82,17,0
82,18,0
83,1,18
83,2,0
83,3,0
83,4,0
83,5,0
83,6,0
83,7,0
83,8,0
83,9,0
83,10,0
83,11,0
83,12,0
83,13,0
83,14,0
83,15,0
83,16,0
83,17,0
83,18,0
84,1,19
84,2,0
84,3,0
84,4,0
84,5,0
84,6,0
84,7,0
84,8,0
84,9,0
84,10,0
84,11,0
84,12,0
84,13,0
84,14,0
84,15,0
84,16,0
84,17,0
84,18,0
85,1,23
85,2,0
85,3,0
85,4,0
85,5,0
85,6,0
85,7,0
85,8,0
85,9,0
85,10,0
85,11,0
85,12,0
85,13,0
85,14,0
85,15,0
85,16,0
85,17,0
85,18,0
86,1,19
86,2,0
86,3,0
86,4,0
86,5,0
86,6,0
86,7,0
86,8,0
86,9,0
86,10,0
86,11,0
86,12,0
86,13,0
86,14,0
86,15,0
86,16,0
86,17,0
86,18,0
87,1,21
87,2,0
87,3,0
87,4,0
87,5,0
87,6,0
87,7,0
87,8,0
87,9,0
87,10,0
87,11,0
87,12,0
87,13,0
87,14,0
87,15,0
87,16,0
87,17,0
87,18,0
88,1,13
88,2,0
88,3,0
88,4,0
88,5,0
88,6,0
88,7,0
88,8,0
88,9,0
88,10,0
88,11,0
88,12,0
88,13,0
88,14,0
88,15,0
88,16,0
88,17,0
88,18,0
89,1,25
89,2,1
89,3,0
89,4,0
89,5,0
89,6,0
89,7,0
89,8,0
89,9,0
89,10,0
89,11,0
89,12,0
89,13,0
89,14,0
89,15,0
89,16,0
89,17,0
89,18,0
90,1,14
90,2,0
90,3,0
90,4,0
90,5,0
90,6,0
90,7,0
90,8,0
90,9,0
90,10,0
90,11,0
90,12,0
90,13,0
90,14,0
90,15,0
90,16,0
90,17,0
90,18,0
91,1,24
91,2,0
91,3,0
91,4,0
91,5,0
91,6,0
91,7,0
91,8,0
91,9,0
91,10,0
91,11,0
91,12,0
91,13,0
91,14,0
91,15,0
91,16,1
91,17,0
91,18,0
92,1,12
92,2,0
92,3,0
92,4,0
92,5,0
92,6,0
92,7,0
92,8,0
92,9,0
92,10,0
92,11,0
92,12,0
92,13,0
92,14,1
92,15,0
92,16,0
92,17,0
92,18,0
93,1,17
93,2,0
93,3,0
93,4,0
93,5,0
93,6,0
93,7,0
93,8,0
93,9,0
93,10,0
93,11,0
93,12,0
93,13,0
93,14,0
93,15,0
93,16,0
93,17,0
93,18,0
94,1,28
94,2,0
94,3,0
94,4,0
94,5,0
94,6,0
94,7,1
94,8,0
94,9,0
94,10,0
94,11,0
94,12,1
94,13,0
94,14,0
94,15,0
94,16,0
94,17,0
94,18,0
95,1,20
95,2,0
95,3,0
95,4,0
95,5,0
95,6,0
95,7,0
95,8,0
95,9,0
95,10,0
95,11,0
95,12,0
95,13,1
95,14,0
95,15,0
95,16,0
95,17,0
95,18,0
96,1,23
96,2,0
96,3,0
96,4,0
96,5,0
96,6,0
96,7,1
96,8,0
96,9,0
96,10,0
96,11,0
96,12,0
96,13,0
96,14,0
96,15,0
96,16,0
96,17,0
96,18,0
97,1,21
97,2,0
97,3,0
97,4,0
97,5,0
97,6,0
97,7,0
97,8,1
97,9,0
97,10,0
97,11,0
97,12,0
97,13,0
97,14,0
97,15,0
97,16,0
97,17,0
97,18,0
98,1,20
98,2,0
98,3,0
98,4,0
98,5,0
98,6,0
98,7,0
98,8,0
98,9,0
98,10,0
98,11,0
98,12,0
98,13,0
98,14,0
98,15,0
98,16,0
98,17,0
98,18,0
99,1,20
99,2,0
99,3,0
99,4,0
99,5,0
99,6,0
99,7,0
99,8,0
99,9,0
99,10,0
99,11,0
99,12,0
99,13,0
99,14,0
99,15,0
99,16,0
99,17,0
99,18,0
100,1,25
100,2,0
100,3,0
100,4,0
100,5,0
100,6,0
100,7,1
100,8,0
100,9,0
100,10,0
100,11,0
100,12,0
100,13,0
100,14,0
100,15,0
100,16,0
100,17,0
100,18,0
101,1,25
101,2,0
101,3,0
101,4,0
101,5,0
101,6,0
101,7,0
101,8,0
101,9,0
101,10,0
101,11,0
101,12,0
101,13,0
101,14,0
101,15,0
101,16,0
101,17,0
101,18,1
102,1,28
102,2,0
102,3,0
102,4,0
102,5,0
102,6,0
102,7,0
102,8,0
102,9,0
102,10,0
102,11,0
102,12,0
102,13,0
102,14,0
102,15,0
102,16,0
102,17,0
102,18,0
103,1,24
103,2,0
103,3,0
103,4,0
103,5,0
103,6,0
103,7,0
103,8,0
103,9,0
103,10,0
103,11,0
103,12,0
103,13,0
103,14,0
103,15,0
103,16,0
103,17,0
103,18,0
104,1,28
104,2,0
104,3,0
104,4,0
104,5,0
104,6,0
104,7,1
104,8,0
104,9,0
104,10,0
104,11,0
104,12,1
104,13,0
104,14,0
104,15,0
104,16,0
104,17,0
104,18,0
105,1,15
105,2,0
105,3,0
105,4,0
105,5,0
105,6,0
105,7,0
105,8,0
105,9,0
105,10,0
105,11,0
105,12,0
105,13,1
105,14,0
105,15,0
105,16,0
105,17,0
105,18,0
106,1,22
106,2,1
106,3,0
106,4,0
106,5,0
106,6,0
106,7,0
106,8,1
106,9,0
106,10,0
106,11,0
106,12,0
106,13,0
106,14,0
106,15,0
106,16,0
106,17,0
106,18,0
107,1,25
107,2,0
107,3,0
107,4,0
107,5,0
107,6,0
107,7,0
107,8,0
107,9,0
107,10,0
107,11,0
107,12,0
107,13,0
107,14,0
107,15,0
107,16,0
107,17,0
107,18,0
108,1,22
108,2,0
108,3,0
108,4,0
108,5,0
108,6,0
108,7,0
108,8,0
108,9,0
108,10,0
108,11,0
108,12,0
108,13,0
108,14,0
108,15,0
108,16,0
108,17,0
108,18,0
109,1,27
109,2,0
109,3,0
109,4,0
109,5,0
109,6,0
109,7,0
109,8,0
109,9,0
109,10,0
109,11,0
109,12,0
109,13,0
109,14,0
109,15,1
109,16,0
109,17,0
109,18,1
110,1,21
110,2,0
110,3,0
110,4,0
110,5,0
110,6,0
110,7,0
110,8,0
110,9,0
110,10,0
110,11,0
110,12,0
110,13,0
110,14,0
110,15,1
110,16,0
110,17,0
110,18,0
111,1,27
111,2,0
111,3,0
111,4,0
111,5,0
111,6,0
111,7,0
111,8,0
111,9,0
111,10,0
111,11,0
111,12,0
111,13,0
111,14,0
111,15,0
111,16,0
111,17,0
111,18,0
112,1,32
112,2,0
112,3,0
112,4,0
112,5,0
112,6,0
112,7,0
112,8,1
112,9,0
112,10,0
112,11,0
112,12,0
112,13,0
112,14,0
112,15,0
112,16,0
112,17,0
112,18,0
113,1,32
113,2,0
113,3,0
113,4,0
113,5,0
113,6,0
113,7,0
113,8,0
113,9,0
113,10,0
113,11,0
113,12,0
113,13,1
113,14,1
113,15,0
113,16,0
113,17,0
113,18,0
114,1,34
114,2,0
114,3,0
114,4,0
114,5,0
114,6,0
114,7,0
114,8,0
114,9,0
114,10,0
114,11,0
114,12,0
114,13,0
114,14,0
114,15,0
114,16,0
114,17,0
114,18,0
115,1,37
115,2,1
115,3,0
115,4,0
115,5,0
115,6,0
115,7,0
115,8,0
115,9,0
115,10,0
115,11,0
115,12,0
115,13,1
115,14,1
115,15,0
115,16,0
115,17,0
115,18,0
116,1,41
116,2,1
116,3,0
116,4,0
116,5,0
116,6,0
116,7,0
116,8,1
116,9,0
116,10,0
116,11,0
116,12,1
116,13,1
116,14,1
116,15,0
116,16,0
116,17,0
116,18,1
117,1,39
117,2,0
117,3,0
117,4,0
117,5,0
117,6,0
117,7,0
117,8,0
117,9,0
117,10,0
117,11,0
117,12,0
117,13,1
117,14,0
117,15,0
117,16,0
117,17,0
117,18,1
118,1,35
118,2,1
118,3,0
118,4,0
118,5,0
118,6,0
118,7,0
118,8,0
118,9,0
118,10,0
118,11,0
118,12,0
118,13,0
118,14,0
118,15,0
118,16,0
118,17,0
118,18,0
119,1,49
119,2,0
119,3,0
119,4,0
119,5,0
119,6,0
119,7,1
119,8,0
119,9,0
119,10,0
119,11,0
119,12,0
119,13,1
119,14,0
119,15,1
119,16,0
119,17,0
119,18,0
120,1,35
120,2,0
120,3,1
120,4,0
120,5,0
120,6,1
120,7,1
120,8,0
120,9,0
120,10,0
120,11,0
120,12,0
120,13,1
120,14,2
120,15,0
120,16,0
120,17,0
120,18,1
121,1,31
121,2,0
121,3,0
121,4,0
121,5,0
121,6,0
121,7,0
121,8,0
121,9,0
121,10,0
121,11,0
121,12,1
121,13,0
121,14,0
121,15,0
121,16,0
121,17,0
121,18,1
122,1,43
122,2,0
122,3,0
122,4,0
122,5,0
122,6,0
122,7,0
122,8,0
122,9,0
122,10,0
122,11,0
122,12,0
122,13,0
122,14,0
122,15,0
122,16,0
122,17,0
122,18,0
123,1,35
123,2,1
123,3,0
123,4,1
123,5,0
123,6,1
123,7,0
123,8,1
123,9,0
123,10,0
123,11,0
123,12,0
123,13,0
123,14,0
123,15,0
123,16,0
123,17,0
123,18,0
124,1,48
124,2,2
124,3,1
124,4,0
124,5,0
124,6,0
124,7,0
124,8,0
124,9,0
124,10,0
124,11,0
124,12,0
124,13,1
124,14,0
124,15,0
124,16,0
124,17,0
124,18,0
125,1,42
125,2,1
125,3,0
125,4,0
125,5,0
125,6,0
125,7,0
125,8,0
125,9,0
125,10,0
125,11,0
125,12,0
125,13,0
125,14,0
125,15,0
125,16,0
125,17,0
125,18,0
126,1,38
126,2,1
126,3,0
126,4,0
126,5,0
126,6,0
126,7,0
126,8,0
126,9,0
126,10,0
126,11,0
126,12,0
126,13,3
126,14,0
126,15,0
126,16,0
126,17,0
126,18,0
127,1,51
127,2,1
127,3,0
127,4,0
127,5,0
127,6,0
127,7,0
127,8,0
127,9,0
127,10,0
127,11,0
127,12,0
127,13,0
127,14,0
127,15,0
127,16,0
127,17,0
127,18,0
128,1,48
128,2,0
128,3,0
128,4,0
128,5,0
128,6,0
128,7,0
128,8,1
128,9,0
128,10,0
128,11,0
128,12,1
128,13,0
128,14,0
128,15,1
128,16,0
128,17,0
128,18,1
129,1,36
129,2,1
129,3,0
129,4,0
129,5,0
129,6,0
129,7,0
129,8,0
129,9,0
129,10,0
129,11,0
129,12,0
129,13,1
129,14,0
129,15,2
129,16,0
129,17,0
129,18,0
130,1,47
130,2,0
130,3,0
130,4,0
130,5,0
130,6,0
130,7,0
130,8,0
130,9,0
130,10,0
130,11,0
130,12,0
130,13,0
130,14,0
130,15,0
130,16,0
130,17,0
130,18,0
131,1,41
131,2,0
131,3,1
131,4,0
131,5,0
131,6,0
131,7,0
131,8,0
131,9,0
131,10,0
131,11,0
131,12,0
131,13,2
131,14,1
131,15,0
131,16,0
131,17,0
131,18,0
132,1,52
132,2,0
132,3,0
132,4,0
132,5,0
132,6,0
132,7,0
132,8,0
132,9,0
132,10,0
132,11,0
132,12,0
132,13,0
132,14,0
132,15,0
132,16,0
132,17,0
132,18,0
133,1,40
133,2,0
133,3,0
133,4,0
133,5,0
133,6,0
133,7,1
133,8,1
133,9,0
133,10,0
133,11,0
133,12,1
133,13,0
133,14,0
133,15,0
133,16,0
133,17,0
133,18,0
134,1,35
134,2,0
134,3,0
134,4,0
134,5,0
134,6,0
134,7,0
134,8,1
134,9,0
134,10,0
134,11,0
134,12,0
134,13,1
134,14,0
134,15,0
134,16,0
134,17,0
134,18,1
135,1,43
135,2,2
135,3,0
135,4,0
135,5,0
135,6,0
135,7,0
135,8,0
135,9,0
135,10,0
135,11,0
135,12,0
135,13,0
135,14,0
135,15,0
135,16,0
135,17,0
135,18,1
136,1,52
136,2,0
136,3,1
136,4,0
136,5,0
136,6,1
136,7,0
136,8,1
136,9,0
136,10,0
136,11,0
136,12,0
136,13,1
136,14,0
136,15,0
136,16,0
136,17,0
136,18,1
137,1,47
137,2,0
137,3,0
137,4,0
137,5,0
137,6,1
137,7,0
137,8,1
137,9,0
137,10,0
137,11,0
137,12,0
137,13,0
137,14,1
137,15,1
137,16,0
137,17,0
137,18,0
138,1,42
138,2,1
138,3,0
138,4,0
138,5,0
138,6,1
138,7,0
138,8,1
138,9,0
138,10,0
138,11,0
138,12,0
138,13,0
138,14,0
138,15,0
138,16,0
138,17,0
138,18,2
139,1,49
139,2,0
139,3,0
139,4,0
139,5,0
139,6,0
139,7,0
139,8,0
139,9,0
139,10,0
139,11,0
139,12,1
139,13,0
139,14,0
139,15,0
139,16,0
139,17,0
139,18,1
140,1,50
140,2,0
140,3,0
140,4,0
140,5,0
140,6,0
140,7,0
140,8,0
140,9,0
140,10,0
140,11,0
140,12,1
140,13,0
140,14,0
140,15,0
140,16,0
140,17,0
140,18,0
141,1,49
141,2,1
141,3,0
141,4,0
141,5,0
141,6,0
141,7,0
141,8,0
141,9,0
141,10,0
141,11,0
141,12,0
141,13,0
141,14,0
141,15,0
141,16,1
141,17,0
141,18,0
142,1,32
142,2,0
142,3,1
142,4,0
142,5,0
142,6,0
142,7,0
142,8,0
142,9,0
142,10,1
142,11,0
142,12,1
142,13,0
142,14,0
142,15,0
142,16,0
142,17,0
142,18,0
143,1,62
143,2,0
143,3,1
143,4,0
143,5,0
143,6,0
143,7,0
143,8,3
143,9,0
143,10,0
143,11,0
143,12,0
143,13,1
143,14,0
143,15,0
143,16,0
143,17,0
143,18,0
144,1,48
144,2,0
144,3,0
144,4,0
144,5,0
144,6,1
144,7,0
144,8,1
144,9,0
144,10,0
144,11,0
144,12,0
144,13,0
144,14,0
144,15,0
144,16,0
144,17,0
144,18,1
145,1,35
145,2,0
145,3,0
145,4,0
145,5,1
145,6,0
145,7,0
145,8,0
145,9,0
145,10,0
145,11,0
145,12,0
145,13,0
145,14,0
145,15,0
145,16,0
145,17,0
145,18,2
146,1,44
146,2,1
146,3,0
146,4,0
146,5,0
146,6,0
146,7,0
146,8,1
146,9,0
146,10,0
146,11,0
146,12,0
146,13,0
146,14,1
146,15,2
146,16,0
146,17,0
146,18,0
147,1,42
147,2,0
147,3,0
147,4,0
147,5,0
147,6,0
147,7,1
147,8,0
147,9,0
147,10,0
147,11,0
147,12,0
147,13,0
147,14,0
147,15,0
147,16,0
147,17,0
147,18,0
148,1,43
148,2,2
148,3,0
148,4,0
148,5,2
148,6,0
148,7,0
148,8,0
148,9,0
148,10,0
148,11,0
148,12,0
148,13,0
148,14,0
148,15,0
148,16,0
148,17,0
148,18,0
149,1,46
149,2,0
149,3,0
149,4,0
149,5,0
149,6,2
149,7,0
149,8,1
149,9,1
149,10,0
149,11,0
149,12,0
149,13,0
149,14,1
149,15,0
149,16,0
149,17,0
149,18,1
150,1,45
150,2,0
150,3,0
150,4,0
150,5,0
150,6,0
150,7,0
150,8,0
150,9,0
150,10,0
150,11,0
150,12,1
150,13,0
150,14,1
150,15,0
150,16,0
150,17,0
150,18,1
151,1,40
151,2,0
151,3,0
151,4,0
151,5,0
151,6,0
151,7,0
151,8,0
151,9,0
151,10,1
151,11,0
151,12,0
151,13,0
151,14,0
151,15,0
151,16,0
151,17,0
151,18,0
152,1,40
152,2,0
152,3,0
152,4,0
152,5,0
152,6,0
152,7,1
152,8,0
152,9,0
152,10,0
152,11,0
152,12,2
152,13,0
152,14,0
152,15,0
152,16,0
152,17,0
152,18,0
153,1,69
153,2,0
153,3,2
153,4,0
153,5,0
153,6,1
153,7,0
153,8,1
153,9,0
153,10,0
153,11,0
153,12,0
153,13,0
153,14,0
153,15,0
153,16,0
153,17,0
153,18,0
154,1,50
154,2,1
154,3,1
154,4,0
154,5,0
154,6,0
154,7,2
154,8,0
154,9,0
154,10,0
154,11,0
154,12,0
154,13,0
154,14,0
154,15,1
154,16,0
154,17,0
154,18,0
155,1,49
155,2,1
155,3,0
155,4,0
155,5,0
155,6,0
155,7,0
155,8,0
155,9,0
155,10,0
155,11,0
155,12,0
155,13,0
155,14,0
155,15,0
155,16,1
155,17,0
155,18,0
156,1,37
156,2,0
156,3,2
156,4,0
156,5,0
156,6,0
156,7,0
156,8,1
156,9,0
156,10,1
156,11,0
156,12,0
156,13,0
156,14,1
156,15,1
156,16,0
156,17,0
156,18,0
157,1,51
157,2,0
157,3,0
157,4,0
157,5,0
157,6,1
157,7,0
157,8,1
157,9,1
157,10,0
157,11,0
157,12,0
157,13,0
157,14,0
157,15,1
157,16,0
157,17,0
157,18,0
158,1,47
158,2,0
158,3,0
158,4,0
158,5,1
158,6,0
158,7,0
158,8,0
158,9,0
158,10,0
158,11,0
158,12,0
158,13,0
158,14,1
158,15,1
158,16,0
158,17,0
158,18,2
159,1,45
159,2,0
159,3,0
159,4,0
159,5,1
159,6,0
159,7,0
159,8,0
159,9,0
159,10,0
159,11,0
159,12,0
159,13,0
159,14,0
159,15,0
159,16,0
159,17,2
159,18,0
160,1,53
160,2,0
160,3,0
160,4,1
160,5,0
160,6,0
160,7,0
160,8,0
160,9,0
160,10,0
160,11,0
160,12,0
160,13,0
160,14,1
160,15,1
160,16,0
160,17,0
160,18,2
161,1,40
161,2,0
161,3,0
161,4,0
161,5,0
161,6,0
161,7,0
161,8,0
161,9,0
161,10,0
161,11,0
161,12,1
161,13,1
161,14,2
161,15,1
161,16,0
161,17,0
161,18,0
162,1,48
162,2,1
162,3,0
162,4,0
162,5,0
162,6,0
162,7,0
162,8,0
162,9,1
162,10,0
162,11,0
162,12,0
162,13,0
162,14,0
162,15,0
162,16,0
162,17,0
162,18,1
163,1,46
163,2,0
163,3,0
163,4,0
163,5,0
163,6,0
163,7,1
163,8,1
163,9,0
163,10,0
163,11,1
163,12,0
163,13,0
163,14,0
163,15,0
163,16,0
163,17,0
163,18,0
164,1,53
164,2,0
164,3,0
164,4,0
164,5,0
164,6,1
164,7,1
164,8,0
164,9,1
164,10,0
164,11,0
164,12,1
164,13,0
164,14,0
164,15,0
164,16,0
164,17,0
164,18,0
165,1,40
165,2,0
165,3,0
165,4,0
165,5,0
165,6,1
165,7,1
165,8,0
165,9,0
165,10,0
165,11,1
165,12,0
165,13,0
165,14,0
165,15,0
165,16,0
165,17,0
165,18,1
166,1,36
166,2,1
166,3,0
166,4,0
166,5,1
166,6,0
166,7,0
166,8,0
166,9,0
166,10,0
166,11,0
166,12,0
166,13,2
166,14,1
166,15,1
166,16,0
166,17,0
166,18,0
167,1,36
167,2,0
167,3,0
167,4,0
167,5,0
167,6,0
167,7,1
167,8,1
167,9,1
167,10,0
167,11,0
167,12,0
167,13,0
167,14,0
167,15,0
167,16,0
167,17,0
167,18,0
168,1,44
168,2,0
168,3,0
168,4,0
168,5,0
168,6,0
168,7,0
168,8,1
168,9,0
168,10,0
168,11,0
168,12,1
168,13,0
168,14,0
168,15,0
168,16,0
168,17,0
168,18,0
169,1,47
169,2,0
169,3,0
169,4,0
169,5,0
169,6,0
169,7,0
169,8,0
169,9,0
169,10,0
169,11,0
169,12,0
169,13,0
169,14,1
169,15,0
169,16,0
169,17,0
169,18,0
170,1,34
170,2,0
170,3,0
170,4,0
170,5,1
170,6,0
170,7,0
170,8,1
170,9,0
170,10,0
170,11,0
170,12,0
170,13,0
170,14,1
170,15,1
170,16,0
170,17,0
170,18,0
171,1,45
171,2,1
171,3,0
171,4,0
171,5,0
171,6,0
171,7,0
171,8,1
171,9,0
171,10,0
171,11,0
171,12,1
171,13,0
171,14,2
171,15,0
171,16,1
171,17,0
171,18,0
172,1,48
172,2,0
172,3,0
172,4,0
172,5,0
172,6,0
172,7,1
172,8,0
172,9,0
172,10,0
172,11,0
172,12,0
172,13,0
172,14,1
172,15,0
172,16,0
172,17,0
172,18,0
173,1,44
173,2,0
173,3,0
173,4,0
173,5,0
173,6,0
173,7,0
173,8,1
173,9,0
173,10,0
173,11,0
173,12,0
173,13,2
173,14,3
173,15,0
173,16,0
173,17,0
173,18,0
174,1,51
174,2,1
174,3,0
174,4,0
174,5,0
174,6,0
174,7,1
174,8,0
174,9,0
174,10,0
174,11,0
174,12,0
174,13,1
174,14,1
174,15,0
174,16,0
174,17,0
174,18,0
175,1,40
175,2,0
175,3,0
175,4,0
175,5,1
175,6,0
175,7,2
175,8,0
175,9,0
175,10,0
175,11,0
175,12,0
175,13,0
175,14,1
175,15,0
175,16,0
175,17,0
175,18,0
176,1,41
176,2,0
176,3,0
176,4,0
176,5,1
176,6,1
176,7,0
176,8,0
176,9,0
176,10,0
176,11,0
176,12,0
176,13,0
176,14,0
176,15,0
176,16,0
176,17,0
176,18,0
177,1,50
177,2,0
177,3,0
177,4,0
177,5,0
177,6,0
177,7,0
177,8,0
177,9,0
177,10,0
177,11,0
177,12,0
177,13,0
177,14,0
177,15,0
177,16,0
177,17,0
177,18,0
178,1,43
178,2,0
178,3,0
178,4,0
178,5,1
178,6,0
178,7,0
178,8,1
178,9,1
178,10,0
178,11,0
178,12,0
178,13,1
178,14,3
178,15,0
178,16,0
178,17,0
178,18,0
179,1,33
179,2,0
179,3,0
179,4,0
179,5,0
179,6,0
179,7,0
179,8,1
179,9,0
179,10,0
179,11,1
179,12,0
179,13,0
179,14,0
179,15,0
179,16,0
179,17,0
179,18,0
180,1,40
180,2,0
180,3,0
180,4,0
180,5,0
180,6,0
180,7,0
180,8,0
180,9,0
180,10,1
180,11,1
180,12,1
180,13,0
180,14,1
180,15,1
180,16,0
180,17,0
180,18,0
181,1,37
181,2,0
181,3,1
181,4,0
181,5,0
181,6,0
181,7,0
181,8,0
181,9,0
181,10,0
181,11,0
181,12,0
181,13,1
181,14,2
181,15,1
181,16,0
181,17,0
181,18,0
182,1,30
182,2,1
182,3,0
182,4,0
182,5,0
182,6,0
182,7,1
182,8,0
182,9,0
182,10,0
182,11,1
182,12,0
182,13,0
182,14,2
182,15,0
182,16,0
182,17,0
182,18,0
183,1,35
183,2,0
183,3,0
183,4,0
183,5,0
183,6,1
183,7,0
183,8,1
183,9,0
183,10,0
183,11,0
183,12,0
183,13,0
183,14,0
183,15,0
183,16,1
183,17,0
183,18,0
184,1,41
184,2,1
184,3,0
184,4,0
184,5,2
184,6,0
184,7,0
184,8,0
184,9,0
184,10,0
184,11,0
184,12,0
184,13,1
184,14,1
184,15,0
184,16,0
184,17,0
184,18,0
185,1,25
185,2,0
185,3,0
185,4,0
185,5,0
185,6,1
185,7,0
185,8,0
185,9,0
185,10,0
185,11,0
185,12,0
185,13,1
185,14,1
185,15,1
185,16,0
185,17,0
185,18,0
186,1,38
186,2,0
186,3,0
186,4,0
186,5,1
186,6,0
186,7,0
186,8,0
186,9,0
186,10,1
186,11,0
186,12,0
186,13,0
186,14,2
186,15,0
186,16,0
186,17,0
186,18,0
187,1,34
187,2,0
187,3,0
187,4,0
187,5,0
187,6,0
187,7,0
187,8,0
187,9,0
187,10,0
187,11,0
187,12,0
187,13,0
187,14,2
187,15,0
187,16,0
187,17,0
187,18,0
188,1,29
188,2,0
188,3,0
188,4,0
188,5,0
188,6,1
188,7,0
188,8,0
188,9,0
188,10,1
188,11,0
188,12,0
188,13,0
188,14,2
188,15,0
188,16,0
188,17,0
188,18,0
189,1,22
189,2,0
189,3,0
189,4,0
189,5,0
189,6,0
189,7,0
189,8,1
189,9,0
189,10,0
189,11,0
189,12,0
189,13,0
189,14,0
189,15,2
189,16,0
189,17,0
189,18,0
190,1,34
190,2,1
190,3,0
190,4,0
190,5,1
190,6,0
190,7,0
190,8,1
190,9,0
190,10,0
190,11,0
190,12,0
190,13,0
190,14,0
190,15,0
190,16,0
190,17,1
190,18,0
191,1,32
191,2,0
191,3,0
191,4,0
191,5,1
191,6,0
191,7,1
191,8,1
191,9,2
191,10,0
191,11,0
191,12,0
191,13,0
191,14,0
191,15,0
191,16,0
191,17,0
191,18,0
192,1,38
192,2,0
192,3,0
192,4,0
192,5,0
192,6,0
192,7,1
192,8,0
192,9,0
192,10,0
192,11,1
192,12,0
192,13,0
192,14,0
192,15,0
192,16,0
192,17,0
192,18,0
193,1,33
193,2,0
193,3,0
193,4,0
193,5,1
193,6,0
193,7,0
193,8,0
193,9,0
193,10,1
193,11,0
193,12,0
193,13,0
193,14,0
193,15,0
193,16,0
193,17,0
193,18,0
194,1,33
194,2,0
194,3,0
194,4,0
194,5,0
194,6,0
194,7,0
194,8,0
194,9,0
194,10,0
194,11,0
194,12,0
194,13,0
194,14,1
194,15,0
194,16,0
194,17,0
194,18,0
195,1,31
195,2,0
195,3,0
195,4,0
195,5,1
195,6,1
195,7,0
195,8,0
195,9,1
195,10,1
195,11,0
195,12,0
195,13,0
195,14,1
195,15,1
195,16,0
195,17,0
195,18,0
196,1,33
196,2,0
196,3,0
196,4,0
196,5,0
196,6,0
196,7,0
196,8,1
196,9,0
196,10,0
196,11,0
196,12,0
196,13,0
196,14,0
196,15,0
196,16,0
196,17,0
196,18,0
197,1,45
197,2,0
197,3,1
197,4,0
197,5,0
197,6,0
197,7,0
197,8,2
197,9,0
197,10,1
197,11,0
197,12,0
197,13,0
197,14,0
197,15,0
197,16,0
197,17,0
197,18,0
198,1,35
198,2,0
198,3,1
198,4,0
198,5,0
198,6,0
198,7,2
198,8,1
198,9,0
198,10,0
198,11,0
198,12,1
198,13,0
198,14,2
198,15,0
198,16,0
198,17,0
198,18,0
199,1,23
199,2,2
199,3,1
199,4,0
199,5,0
199,6,0
199,7,0
199,8,0
199,9,0
199,10,0
199,11,0
199,12,0
199,13,0
199,14,1
199,15,0
199,16,0
199,17,0
199,18,0
200,1,33
200,2,0
200,3,0
200,4,0
200,5,0
200,6,0
200,7,0
200,8,0
200,9,0
200,10,0
200,11,0
200,12,1
200,13,0
200,14,1
200,15,0
200,16,1
200,17,0
200,18,0
201,1,35
201,2,1
201,3,0
201,4,0
201,5,0
201,6,1
201,7,0
201,8,2
201,9,1
201,10,0
201,11,1
201,12,0
201,13,0
201,14,1
201,15,1
201,16,0
201,17,0
201,18,0
202,1,32
202,2,0
202,3,0
202,4,0
202,5,0
202,6,0
202,7,1
202,8,1
202,9,0
202,10,0
202,11,0
202,12,0
202,13,1
202,14,1
202,15,0
202,16,0
202,17,0
202,18,0
203,1,39
203,2,1
203,3,0
203,4,0
203,5,1
203,6,0
203,7,0
203,8,0
203,9,2
203,10,0
203,11,1
203,12,1
203,13,0
203,14,1
203,15,0
203,16,0
203,17,0
203,18,0
204,1,36
204,2,2
204,3,0
204,4,0
204,5,2
204,6,1
204,7,0
204,8,0
204,9,0
204,10,0
204,11,1
204,12,0
204,13,0
204,14,3
204,15,0
204,16,0
204,17,0
204,18,0
205,1,46
205,2,2
205,3,0
205,4,0
205,5,0
205,6,0
205,7,1
205,8,0
205,9,0
205,10,1
205,11,0
205,12,0
205,13,1
205,14,2
205,15,1
205,16,0
205,17,0
205,18,0
206,1,39
206,2,1
206,3,0
206,4,0
206,5,0
206,6,0
206,7,0
206,8,1
206,9,0
206,10,1
206,11,2
206,12,0
206,13,0
206,14,1
206,15,1
206,16,0
206,17,0
206,18,0
207,1,49
207,2,0
207,3,0
207,4,1
207,5,1
207,6,0
207,7,0
207,8,0
207,9,1
207,10,0
207,11,0
207,12,0
207,13,0
207,14,1
207,15,1
207,16,0
207,17,1
207,18,0
208,1,46
208,2,2
208,3,0
208,4,0
208,5,0
208,6,2
208,7,0
208,8,0
208,9,0
208,10,0
208,11,0
208,12,0
208,13,1
208,14,1
208,15,0
208,16,0
208,17,0
208,18,0
209,1,39
209,2,0
209,3,0
209,4,0
209,5,0
209,6,0
209,7,1
209,8,1
209,9,1
209,10,0
209,11,0
209,12,0
209,13,2
209,14,0
209,15,0
209,16,0
209,17,0
209,18,0
210,1,43
210,2,0
210,3,0
210,4,1
210,5,0
210,6,0
210,7,0
210,8,0
210,9,0
210,10,0
210,11,0
210,12,0
210,13,1
210,14,3
210,15,1
210,16,0
210,17,0
210,18,0
211,1,42
211,2,0
211,3,0
211,4,0
211,5,0
211,6,0
211,7,1
211,8,0
211,9,0
211,10,1
211,11,0
211,12,0
211,13,0
211,14,2
211,15,1
211,16,0
211,17,0
211,18,0
212,1,52
212,2,1
212,3,0
212,4,1
212,5,0
212,6,1
212,7,1
212,8,1
212,9,0
212,10,0
212,11,1
212,12,0
212,13,1
212,14,2
212,15,0
212,16,0
212,17,0
212,18,0
213,1,53
213,2,0
213,3,1
213,4,0
213,5,0
213,6,1
213,7,0
213,8,0
213,9,0
213,10,1
213,11,0
213,12,1
213,13,0
213,14,2
213,15,0
213,16,0
213,17,0
213,18,1
214,1,50
214,2,0
214,3,1
214,4,0
214,5,1
214,6,0
214,7,1
214,8,1
214,9,0
214,10,0
214,11,0
214,12,0
214,13,2
214,14,1
214,15,1
214,16,0
214,17,0
214,18,0
215,1,46
215,2,1
215,3,0
215,4,0
215,5,0
215,6,0
215,7,1
215,8,1
215,9,0
215,10,1
215,11,0
215,12,0
215,13,1
215,14,1
215,15,2
215,16,0
215,17,1
215,18,0
216,1,52
216,2,0
216,3,0
216,4,1
216,5,0
216,6,0
216,7,1
216,8,0
216,9,0
216,10,0
216,11,1
216,12,0
216,13,3
216,14,1
216,15,1
216,16,1
216,17,1
216,18,0
217,1,43
217,2,0
217,3,0
217,4,0
217,5,0
217,6,2
217,7,0
217,8,1
217,9,0
217,10,0
217,11,0
217,12,0
217,13,1
217,14,1
217,15,0
217,16,1
217,17,0
217,18,0
218,1,56
218,2,2
218,3,0
218,4,0
218,5,1
218,6,0
218,7,1
218,8,0
218,9,0
218,10,0
218,11,1
218,12,0
218,13,1
218,14,3
218,15,2
218,16,0
218,17,0
218,18,0
219,1,54
219,2,1
219,3,0
219,4,0
219,5,0
219,6,0
219,7,1
219,8,0
219,9,0
219,10,0
219,11,1
219,12,0
219,13,0
219,14,0
219,15,0
219,16,0
219,17,0
219,18,0
220,1,47
220,2,0
220,3,0
220,4,0
220,5,0
220,6,1
220,7,2
220,8,1
220,9,0
220,10,1
220,11,2
220,12,0
220,13,1
220,14,2
220,15,1
220,16,0
220,17,0
220,18,0
221,1,52
221,2,0
221,3,0
221,4,0
221,5,0
221,6,0
221,7,1
221,8,0
221,9,0
221,10,0
221,11,0
221,12,1
221,13,1
221,14,1
221,15,0
221,16,0
221,17,0
221,18,0
222,1,34
222,2,1
222,3,0
222,4,1
222,5,0
222,6,0
222,7,1
222,8,1
222,9,1
222,10,0
222,11,0
222,12,0
222,13,0
222,14,1
222,15,1
222,16,0
222,17,2
222,18,2
223,1,45
223,2,1
223,3,0
223,4,0
223,5,0
223,6,0
223,7,1
223,8,2
223,9,0
223,10,0
223,11,0
223,12,0
223,13,0
223,14,1
223,15,2
223,16,0
223,17,1
223,18,0
224,1,50
224,2,1
224,3,0
224,4,0
224,5,1
224,6,0
224,7,0
224,8,0
224,9,0
224,10,0
224,11,0
224,12,0
224,13,2
224,14,1
224,15,4
224,16,0
224,17,0
224,18,0
225,1,42
225,2,0
225,3,0
225,4,0
225,5,0
225,6,1
225,7,0
225,8,0
225,9,1
225,10,0
225,11,0
225,12,0
225,13,0
225,14,0
225,15,0
225,16,0
225,17,0
225,18,0
226,1,40
226,2,1
226,3,1
226,4,0
226,5,0
226,6,0
226,7,2
226,8,1
226,9,1
226,10,0
226,11,0
226,12,1
226,13,0
226,14,1
226,15,1
226,16,0
226,17,0
226,18,0
227,1,33
227,2,0
227,3,2
227,4,0
227,5,0
227,6,0
227,7,0
227,8,0
227,9,0
227,10,1
227,11,0
227,12,0
227,13,0
227,14,0
227,15,1
227,16,0
227,17,0
227,18,0
228,1,38
228,2,0
228,3,1
228,4,1
228,5,0
228,6,0
228,7,0
228,8,1
228,9,0
228,10,0
228,11,0
228,12,0
228,13,0
228,14,1
228,15,1
228,16,0
228,17,0
228,18,0
229,1,49
229,2,0
229,3,0
229,4,3
229,5,0
229,6,0
229,7,2
229,8,0
229,9,0
229,10,4
229,11,1
229,12,0
229,13,0
229,14,1
229,15,0
229,16,0
229,17,2
229,18,0
230,1,32
230,2,0
230,3,0
230,4,0
230,5,0
230,6,0
230,7,2
230,8,0
230,9,0
230,10,0
230,11,0
230,12,0
230,13,1
230,14,1
230,15,3
230,16,0
230,17,1
230,18,0
231,1,35
231,2,1
231,3,1
231,4,0
231,5,0
231,6,0
231,7,2
231,8,0
231,9,0
231,10,0
231,11,0
231,12,0
231,13,0
231,14,0
231,15,1
231,16,0
231,17,0
231,18,0
232,1,31
232,2,0
232,3,1
232,4,0
232,5,0
232,6,0
232,7,1
232,8,0
232,9,0
232,10,0
232,11,0
232,12,0
232,13,1
232,14,1
232,15,1
232,16,0
232,17,0
232,18,0
233,1,41
233,2,0
233,3,0
233,4,0
233,5,0
233,6,0
233,7,1
233,8,0
233,9,0
233,10,0
233,11,0
233,12,0
233,13,0
233,14,0
233,15,3
233,16,0
233,17,0
233,18,0
234,1,54
234,2,1
234,3,0
234,4,1
234,5,0
234,6,0
234,7,0
234,8,0
234,9,0
234,10,0
234,11,0
234,12,0
234,13,0
234,14,1
234,15,1
234,16,0
234,17,0
234,18,0
235,1,41
235,2,1
235,3,0
235,4,0
235,5,0
235,6,1
235,7,0
235,8,0
235,9,0
235,10,1
235,11,0
235,12,0
235,13,0
235,14,0
235,15,1
235,16,0
235,17,0
235,18,0
236,1,38
236,2,0
236,3,0
236,4,0
236,5,0
236,6,0
236,7,0
236,8,0
236,9,0
236,10,0
236,11,1
236,12,1
236,13,2
236,14,0
236,15,0
236,16,0
236,17,0
236,18,0
237,1,36
237,2,0
237,3,0
237,4,0
237,5,0
237,6,0
237,7,1
237,8,0
237,9,0
237,10,0
237,11,0
237,12,0
237,13,1
237,14,2
237,15,2
237,16,0
237,17,0
237,18,0
238,1,43
238,2,1
238,3,3
238,4,0
238,5,1
238,6,0
238,7,0
238,8,1
238,9,0
238,10,0
238,11,0
238,12,0
238,13,1
238,14,1
238,15,4
238,16,0
238,17,0
238,18,0
239,1,50
239,2,0
239,3,1
239,4,1
239,5,1
239,6,0
239,7,1
239,8,0
239,9,0
239,10,0
239,11,0
239,12,0
239,13,0
239,14,0
239,15,0
239,16,0
239,17,0
239,18,0
240,1,39
240,2,0
240,3,0
240,4,0
240,5,0
240,6,0
240,7,1
240,8,0
240,9,0
240,10,0
240,11,0
240,12,0
240,13,2
240,14,1
240,15,0
240,16,0
240,17,0
240,18,0
241,1,61
241,2,0
241,3,2
241,4,0
241,5,1
241,6,0
241,7,0
241,8,0
241,9,0
241,10,0
241,11,0
241,12,0
241,13,0
241,14,1
241,15,2
241,16,0
241,17,0
241,18,0
242,1,36
242,2,0
242,3,0
242,4,0
242,5,0
242,6,0
242,7,0
242,8,2
242,9,0
242,10,0
242,11,1
242,12,0
242,13,1
242,14,1
242,15,0
242,16,1
242,17,1
242,18,0
243,1,36
243,2,0
243,3,1
243,4,1
243,5,0
243,6,0
243,7,0
243,8,1
243,9,0
243,10,0
243,11,1
243,12,0
243,13,0
243,14,2
243,15,2
243,16,0
243,17,0
243,18,0
244,1,39
244,2,0
244,3,0
244,4,0
244,5,0
244,6,0
244,7,0
244,8,0
244,9,0
244,10,0
244,11,0
244,12,0
244,13,0
244,14,2
244,15,2
244,16,0
244,17,0
244,18,0
245,1,47
245,2,0
245,3,0
245,4,0
245,5,0
245,6,0
245,7,3
245,8,0
245,9,0
245,10,0
245,11,0
245,12,1
245,13,0
245,14,0
245,15,1
245,16,0
245,17,0
245,18,0
246,1,41
246,2,0
246,3,0
246,4,0
246,5,1
246,6,0
246,7,1
246,8,0
246,9,1
246,10,0
246,11,0
246,12,1
246,13,0
246,14,0
246,15,0
246,16,0
246,17,0
246,18,0
247,1,49
247,2,0
247,3,4
247,4,0
247,5,2
247,6,0
247,7,1
247,8,1
247,9,0
247,10,0
247,11,0
247,12,0
247,13,0
247,14,0
247,15,4
247,16,0
247,17,0
247,18,0
248,1,58
248,2,0
248,3,0
248,4,0
248,5,0
248,6,0
248,7,1
248,8,0
248,9,0
248,10,0
248,11,1
248,12,0
248,13,1
248,14,3
248,15,1
248,16,0
248,17,0
248,18,0
249,1,43
249,2,1
249,3,1
249,4,1
249,5,0
249,6,0
249,7,0
249,8,0
249,9,0
249,10,0
249,11,0
249,12,0
249,13,1
249,14,1
249,15,0
249,16,0
249,17,0
249,18,0
250,1,54
250,2,1
250,3,1
250,4,0
250,5,1
250,6,0
250,7,1
250,8,1
250,9,0
250,10,2
250,11,0
250,12,0
250,13,1
250,14,1
250,15,1
250,16,1
250,17,0
250,18,0
251,1,52
251,2,1
251,3,0
251,4,0
251,5,0
251,6,0
251,7,0
251,8,1
251,9,0
251,10,0
251,11,0
251,12,0
251,13,2
251,14,1
251,15,1
251,16,0
251,17,0
251,18,0
252,1,51
252,2,0
252,3,0
252,4,0
252,5,0
252,6,0
252,7,1
252,8,0
252,9,0
252,10,0
252,11,0
252,12,0
252,13,2
252,14,3
252,15,0
252,16,0
252,17,1
252,18,0
253,1,53
253,2,1
253,3,0
253,4,0
253,5,0
253,6,0
253,7,2
253,8,1
253,9,0
253,10,0
253,11,0
253,12,0
253,13,1
253,14,1
253,15,1
253,16,0
253,17,1
253,18,0
254,1,58
254,2,0
254,3,2
254,4,0
254,5,2
254,6,0
254,7,1
254,8,1
254,9,0
254,10,0
254,11,0
254,12,0
254,13,0
254,14,2
254,15,2
254,16,0
254,17,0
254,18,0
255,1,57
255,2,2
255,3,0
255,4,0
255,5,0
255,6,0
255,7,1
255,8,1
255,9,0
255,10,0
255,11,0
255,12,0
255,13,0
255,14,1
255,15,0
255,16,0
255,17,2
255,18,0
256,1,53
256,2,0
256,3,0
256,4,0
256,5,0
256,6,0
256,7,2
256,8,0
256,9,0
256,10,1
256,11,1
256,12,0
256,13,2
256,14,4
256,15,1
256,16,0
256,17,0
256,18,0
257,1,73
257,2,0
257,3,1
257,4,0
257,5,1
257,6,0
257,7,1
257,8,0
257,9,0
257,10,1
257,11,1
257,12,0
257,13,3
257,14,4
257,15,0
257,16,0
257,17,0
257,18,1
258,1,59
258,2,0
258,3,0
258,4,0
258,5,1
258,6,0
258,7,1
258,8,1
258,9,0
258,10,0
258,11,1
258,12,0
258,13,0
258,14,1
258,15,0
258,16,0
258,17,0
258,18,0
259,1,57
259,2,0
259,3,0
259,4,0
259,5,0
259,6,0
259,7,0
259,8,1
259,9,0
259,10,0
259,11,0
259,12,0
259,13,1
259,14,0
259,15,2
259,16,0
259,17,1
259,18,0
260,1,62
260,2,0
260,3,0
260,4,0
260,5,0
260,6,0
260,7,1
260,8,0
260,9,0
260,10,0
260,11,0
260,12,0
260,13,2
260,14,2
260,15,0
260,16,0
260,17,0
260,18,1
261,1,72
261,2,0
261,3,0
261,4,0
261,5,2
261,6,0
261,7,2
261,8,1
261,9,0
261,10,0
261,11,1
261,12,0
261,13,0
261,14,6
261,15,0
261,16,0
261,17,0
261,18,1
262,1,59
262,2,0
262,3,0
262,4,0
262,5,0
262,6,0
262,7,0
262,8,1
262,9,0
262,10,1
262,11,1
262,12,1
262,13,1
262,14,0
262,15,0
262,16,0
262,17,1
262,18,0
263,1,65
263,2,0
263,3,0
263,4,0
263,5,0
263,6,1
263,7,3
263,8,1
263,9,0
263,10,0
263,11,0
263,12,0
263,13,0
263,14,2
263,15,2
263,16,0
263,17,1
263,18,0
264,1,62
264,2,0
264,3,0
264,4,0
264,5,0
264,6,0
264,7,2
264,8,3
264,9,0
264,10,1
264,11,0
264,12,0
264,13,4
264,14,2
264,15,1
264,16,0
264,17,0
264,18,0
265,1,79
265,2,0
265,3,0
265,4,0
265,5,0
265,6,0
265,7,3
265,8,2
265,9,0
265,10,1
265,11,0
265,12,0
265,13,2
265,14,7
265,15,0
265,16,0
265,17,0
265,18,0
266,1,71
266,2,1
266,3,0
266,4,0
266,5,0
266,6,2
266,7,3
266,8,1
266,9,0
266,10,0
266,11,0
266,12,0
266,13,1
266,14,2
266,15,3
266,16,1
266,17,1
266,18,1
267,1,72
267,2,0
267,3,0
267,4,1
267,5,0
267,6,0
267,7,1
267,8,1
267,9,0
267,10,0
267,11,0
267,12,0
267,13,0
267,14,4
267,15,0
267,16,0
267,17,1
267,18,0
268,1,82
268,2,2
268,3,1
268,4,0
268,5,0
268,6,0
268,7,2
268,8,3
268,9,0
268,10,0
268,11,0
268,12,0
268,13,2
268,14,5
268,15,0
268,16,0
268,17,0
268,18,0
269,1,85
269,2,0
269,3,1
269,4,0
269,5,0
269,6,0
269,7,0
269,8,2
269,9,0
269,10,0
269,11,0
269,12,0
269,13,2
269,14,2
269,15,1
269,16,0
269,17,0
269,18,0
270,1,65
270,2,0
270,3,0
270,4,0
270,5,0
270,6,0
270,7,4
270,8,0
270,9,0
270,10,0
270,11,0
270,12,0
270,13,4
270,14,5
270,15,2
270,16,0
270,17,0
270,18,1
271,1,70
271,2,0
271,3,0
271,4,0
271,5,0
271,6,1
271,7,0
271,8,2
271,9,0
271,10,1
271,11,0
271,12,0
271,13,0
271,14,4
271,15,0
271,16,0
271,17,1
271,18,0
272,1,71
272,2,0
272,3,0
272,4,1
272,5,0
272,6,0
272,7,0
272,8,3
272,9,0
272,10,0
272,11,0
272,12,0
272,13,0
272,14,2
272,15,3
272,16,0
272,17,0
272,18,1
273,1,70
273,2,0
273,3,0
273,4,0
273,5,0
273,6,0
273,7,4
273,8,0
273,9,0
273,10,2
273,11,0
273,12,0
273,13,1
273,14,2
273,15,0
273,16,1
273,17,0
273,18,0
274,1,78
274,2,0
274,3,0
274,4,0
274,5,0
274,6,0
274,7,1
274,8,1
274,9,0
274,10,0
274,11,0
274,12,0
274,13,0
274,14,1
274,15,0
274,16,0
274,17,0
274,18,0
275,1,87
275,2,1
275,3,0
275,4,0
275,5,0
275,6,0
275,7,2
275,8,1
275,9,0
275,10,0
275,11,0
275,12,0
275,13,4
275,14,2
275,15,0
275,16,0
275,17,0
275,18,0
276,1,93
276,2,0
276,3,0
276,4,0
276,5,1
276,6,0
276,7,0
276,8,0
276,9,0
276,10,0
276,11,1
276,12,0
276,13,2
276,14,2
276,15,1
276,16,0
276,17,0
276,18,0
277,1,89
277,2,1
277,3,0
277,4,1
277,5,1
277,6,0
277,7,5
277,8,0
277,9,0
277,10,0
277,11,0
277,12,0
277,13,2
277,14,9
277,15,1
277,16,1
277,17,0
277,18,0
278,1,75
278,2,1
278,3,0
278,4,2
278,5,0
278,6,0
278,7,2
278,8,2
278,9,0
278,10,0
278,11,0
278,12,0
278,13,1
278,14,4
278,15,0
278,16,0
278,17,3
278,18,0
279,1,86
279,2,0
279,3,0
279,4,0
279,5,0
279,6,0
279,7,2
279,8,1
279,9,0
279,10,1
279,11,2
279,12,0
279,13,2
279,14,2
279,15,1
279,16,0
279,17,0
279,18,0
280,1,95
280,2,0
280,3,0
280,4,1
280,5,0
280,6,2
280,7,2
280,8,4
280,9,0
280,10,1
280,11,0
280,12,0
280,13,2
280,14,5
280,15,1
280,16,0
280,17,0
280,18,0
281,1,86
281,2,0
281,3,0
281,4,0
281,5,0
281,6,0
281,7,4
281,8,0
281,9,0
281,10,0
281,11,0
281,12,0
281,13,0
281,14,4
281,15,0
281,16,0
281,17,0
281,18,0
282,1,104
282,2,0
282,3,0
282,4,0
282,5,0
282,6,0
282,7,4
282,8,4
282,9,0
282,10,0
282,11,0
282,12,0
282,13,0
282,14,4
282,15,0
282,16,0
282,17,0
282,18,1
283,1,79
283,2,0
283,3,1
283,4,0
283,5,0
283,6,0
283,7,1
283,8,2
283,9,0
283,10,0
283,11,0
283,12,0
283,13,1
283,14,3
283,15,2
283,16,0
283,17,0
283,18,2
284,1,93
284,2,1
284,3,0
284,4,0
284,5,0
284,6,0
284,7,1
284,8,0
284,9,0
284,10,0
284,11,1
284,12,0
284,13,3
284,14,4
284,15,0
284,16,0
284,17,0
284,18,1
285,1,87
285,2,0
285,3,3
285,4,0
285,5,0
285,6,0
285,7,4
285,8,2
285,9,0
285,10,0
285,11,2
285,12,0
285,13,1
285,14,1
285,15,0
285,16,0
285,17,0
285,18,1
286,1,95
286,2,1
286,3,0
286,4,2
286,5,0
286,6,1
286,7,2
286,8,2
286,9,0
286,10,0
286,11,0
286,12,0
286,13,1
286,14,4
286,15,1
286,16,0
286,17,0
286,18,0
287,1,87
287,2,0
287,3,0
287,4,0
287,5,0
287,6,1
287,7,0
287,8,0
287,9,0
287,10,0
287,11,1
287,12,0
287,13,1
287,14,5
287,15,2
287,16,1
287,17,2
287,18,1
288,1,95
288,2,1
288,3,0
288,4,0
288,5,0
288,6,0
288,7,1
288,8,1
288,9,0
288,10,0
288,11,0
288,12,0
288,13,1
288,14,2
288,15,1
288,16,0
288,17,3
288,18,1
289,1,99
289,2,0
289,3,0
289,4,0
289,5,1
289,6,0
289,7,1
289,8,0
289,9,0
289,10,0
289,11,2
289,12,0
289,13,1
289,14,1
289,15,0
289,16,0
289,17,3
289,18,1
290,1,95
290,2,0
290,3,0
290,4,0
290,5,0
290,6,0
290,7,4
290,8,3
290,9,0
290,10,0
290,11,1
290,12,1
290,13,2
290,14,6
290,15,1
290,16,0
290,17,2
290,18,0
291,1,91
291,2,0
291,3,0
291,4,0
291,5,0
291,6,0
291,7,1
291,8,1
291,9,1
291,10,0
291,11,0
291,12,1
291,13,2
291,14,2
291,15,1
291,16,0
291,17,2
291,18,0
292,1,92
292,2,0
292,3,0
292,4,0
292,5,0
292,6,0
292,7,3
292,8,3
292,9,0
292,10,0
292,11,3
292,12,0
292,13,3
292,14,3
292,15,2
292,16,0
292,17,2
292,18,0
293,1,105
293,2,2
293,3,0
293,4,0
293,5,0
293,6,0
293,7,1
293,8,1
293,9,0
293,10,0
293,11,0
293,12,0
293,13,7
293,14,1
293,15,0
293,16,0
293,17,1
293,18,0
294,1,101
294,2,0
294,3,2
294,4,0
294,5,0
294,6,0
294,7,4
294,8,0
294,9,0
294,10,1
294,11,0
294,12,0
294,13,6
294,14,3
294,15,0
294,16,0
294,17,0
294,18,1
295,1,118
295,2,0
295,3,0
295,4,0
295,5,1
295,6,0
295,7,6
295,8,3
295,9,0
295,10,0
295,11,0
295,12,0
295,13,0
295,14,1
295,15,1
295,16,0
295,17,2
295,18,1
296,1,99
296,2,0
296,3,0
296,4,1
296,5,0
296,6,0
296,7,5
296,8,3
296,9,0
296,10,0
296,11,1
296,12,0
296,13,3
296,14,2
296,15,0
296,16,0
296,17,1
296,18,1
